pid,function declaration,parameter,externally defined variable or function,argument,comment,variable declaration,variable,assignment,return
182,0.0684554619071561,0.0,0.5427751773688386,0.09361286666341269,0.0400011999998241,0.11667399996076701,0.217376000000513,0.049999999930150696,0.0
310,0.0,0.0,0.0,0.0,0.0333380000665783,0.0166680000256747,0.0416690000565722,0.0,0.0
129,0.0777810000031927,0.08333700004732231,0.42535508291529955,0.1416695000564989,0.0361990000019432,0.11845531427797591,0.2105591999153448,0.2625105000624897,0.0
318,0.0166669999598525,0.0,0.0166670000180602,0.0,0.0,0.0,0.0,0.0,0.0
189,0.016669999982696,0.0750019999832147,0.1847346667054805,0.0840289166759853,0.0222238333371933,0.0499999999883584,0.1055581666150825,0.0,0.0166669999889563
