pid,function declaration,parameter,exception handling,conditional statement,variable declaration,return
155,0.087499499961268,0.0833359999815002,0.0166670000180602,0.1000040000653825,0.2083425000018905,0.0666700000292621
117,0.0583350000088103,0.0361108333163429,0.08160175000375591,0.09833330001565621,0.20735027776136683,0.0
317,0.0,0.0,0.0,0.0,0.0,0.0
319,0.0,0.0,0.0222223333548754,0.0,0.1875084998609961,0.19167349999770522
186,0.0,0.0,0.1749979999876813,0.0166669999598525,0.035418249972281005,0.0
314,0.041666749995783806,0.0758365999790839,0.0166669999889563,0.06666960000875391,0.2218407700059467,0.0800992500072525
