pid,function declaration,parameter,conditional statement,exception handling,loop,return
319,0.0166660000104457,0.0,0.1616726000560446,0.0,0.19442460779599563,0.0444446666709457
315,0.0671478095281469,0.0276328947388959,0.1578757982450833,0.061542600004647105,0.18577396231780122,0.0659748750088813
