pid,function declaration,conditional statement,conditional block,return
136,0.1083358333756526,0.052224333398044,0.5514023333186434,0.0
314,0.10208787500960159,0.0166650000028312,0.1333341666565196,0.0
189,0.0611116078450554,0.0572614166565912,0.45175079165104115,0.0166730000055395
