pid,function declaration,parameter,exception handling,conditional statement,return
176,0.0416670000413432,0.0166660000104457,0.0500020000617951,0.0500043333352853,0.0388893333729356
117,0.0780175461447259,0.11389183336480821,0.17917091666701399,0.12278506666092029,0.0
313,0.0166670000180602,0.0833390000043436,0.0750029999908292,0.0333304999803658,0.0
314,0.0416670000122394,0.0250005000270903,0.1204810285890873,0.21668100000048662,0.0166670000180602
316,0.11756523244538841,0.045831499970518,0.0666680000722408,0.15334019998554121,0.0
139,0.1117109285710501,0.0677116666676435,0.4041709761906441,0.36825006241148595,0.0625007499997991
