pid,function declaration,return,comment
319,0.0,0.0250024999841116,0
111,0.1400043999921763,0.3895977500020912,0
143,0.0444463333309007,0.0437515000012353,0
318,0.0,0.0,0
