pid,function declaration,exception handling,externally defined variable or function,argument,loop,conditional statement
313,0.0291670000005979,0.0305566666793311,0.0666711666757085,0.14537867221709638,0.7729652223726501,0.0249994999903719
315,0.0416670000267913,0.0444456666591577,0.0250004999979864,0.0666729999356902,0.7237863531757525,0.0333330000285059
314,0.0166679999965708,0.0833384999859844,0.0,0.0333324999955948,0.6622642882868786,0.0333339999779127
