pid,function declaration,conditional statement,conditional block
155,0.0,0.1844510667103652,0.5080789342699282
166,0.0333339999779127,0.0888843333814292,0.3529797571571214
147,0.0838923666859045,0.199974053184798,0.2918527321124285
