pid,function declaration,parameter,variable,function call,argument
186,0.0166660000104457,0.0166674999927636,0.1333386666180254,0.20484428095293133,0.3057679623237243
133,0.116669666681749,0.0229175000276882,0.0277783333634336,0.0694463333735863,0.38115805952388426
311,0.0986163666685266,0.0,0.0,0.0,0.0250010000017937
189,0.0,0.1083330000110436,0.0,0.2214342603000989,0.2399114722797941
316,0.0547650000329927,0.0222216666637298,0.0555583333286146,0.0536256521666908,0.17500849996577
