pid,function declaration,parameter,comment,function call,externally defined variable or function,argument
136,0.0416678749897982,0.0833365000241125,0.2323547999940012,0.20780924202773432,0.1041672500432468,0.0749999999534338
317,0.043333599972538606,0.1333409999497234,0.0742103452787323,0.100590676232846,0.0435188888869661,0.23973446261782833
319,0.0,0.0,0.0,0.0,0.0833345000864937,0.066666999948211
111,0.11806125000293821,0.0519255384614762,0.0888946666624785,0.2524529964288029,0.077085500000976,0.0666659999988041
143,0.0595850749930832,0.0395842499929131,0.10051019481235579,0.1090925227190105,0.09111473334099461,0.016669999982696
