pid,function declaration,conditional statement,comment,conditional block,return
176,0.1109791248924851,0.1059590000991842,0.0500024998327716,0.2914838092401623,0.0625005000038072
129,0.0718782499898224,0.0266678999934811,0.0,0.0625017500278772,0.08888900000602
139,0.0527805833333635,0.15332299047746678,0.1289823409078135,0.37783460825377724,0.0761944857142744
