pid,function declaration,parameter,exception handling,variable declaration,conditional statement,return,comment
319,0.0,0.0,0.0,0.0333310000132769,0.0,0.1666710000135935,0.0
129,0.0932711481366788,0.0,0.0,0.19889095839025667,0.0416685000236611,0.13343741667770131,0.0
315,0.0921598529778693,0.0600771977877049,0.033332999941194305,0.1048875214386497,0.025000000023283,0.22525615681147662,0.0166669999598525
