pid,function declaration,parameter,conditional statement,return
155,0.038890499990278105,0.041671666665934,0.6435292526466135,0.2666781999578231
186,0.0,0.0,0.0,0.0
313,0.0666689444478833,0.0861161666592426,0.3805654667036521,0.0333339999779127
311,0.0500004999921657,0.1166717501182574,0.61624132604032,0.1361160000087692
314,0.08333590000693211,0.150004666657575,0.33418481665187993,0.0166660000104457
316,0.0755031709419961,0.1166709999088197,0.1772240043060399,0.0777813333552329
312,0.0388913333493595,0.050003999844193306,0.0677752333382764,0.0166660000104457
139,0.0821448000004237,0.1474328506498288,0.730391105195533,0.2688183857141665
