pid,public.0,void.0,makeUniqueParagraphForGlobalWithLength.0,String.0,global.0,int.0,length.0,String.1,paragraph.0,=.0,""""".0",String.2,word.0,for.0,int.1,x.0,=.1,0.0,x.1,<.0,length.1,x.2,word.1,=.2,makeUniqueStringForGlobalWithLength.0,global.1,int.2,Math.0,random.0,*.0,8.0,+.0,2.0,paragraph.1,+=.0,word.2,+.1,""" "".100",utils.0,setGlobal.0,global.2,paragraph.2,code,participant_summary
317,0,0,0.02499974999227561,0.03333800000837073,0,0,0,0.05000000004656613,0.03333433334288808,0,0.01666500000283122,0.016666999959852546,0.016667000018060207,0,0.03333350000320934,0,0,0,0,0,0,0.016667000018060207,0.08333899994613603,0,0.03254176190655146,0.05000300004030578,0,0.016667000018060207,0,0,0,0,0,0.024999500019475818,0,0.022224666628365714,0,0,0,0.02000039998674765,0,0,0.316999490382911,0.07551741975655687
318,0,0,0.01666649998514913,0,0,0,0,0,0.02222166668313245,0,0,0,0,0,0,0,0,0,0,0,0,0,0,0,0,0,0,0,0,0,0,0,0,0,0,0,0,0,0,0,0,0,0.30678390625507745,0.07250289999647067
