pid,public.0,DBusInterface.0,getRemoteObject.0,String.0,objectpath.0,throws.0,DBusException.0,if.0,nan.0,==.0,objectpath.1,throw.0,new.0,DBusException.1,"""Invalid object path: null"".100",if.1,objectpath.2,matches.0,OBJECT_REGEX.0,||.0,objectpath.3,length.0,>.0,MAX_NAME_LENGTH.0,throw.1,new.1,DBusException.2,"""Invalid object path: "".101",+.0,objectpath.4,return.0,dynamicProxy.0,objectpath.5,code,participant_summary
176,0,0,0.04166700004134327,0.016666000010445714,0,0,0,0,0,0,0,0,0,0.050002000061795115,0,0,0,0.05000433333528539,0,0,0,0,0,0,0,0,0,0,0,0,0,0.016667000018060207,0.022222333354875445,0.9039235333135972,0.3794575999801358
117,0,0.03718184615270449,0.040835699992021544,0.024999500019475818,0.08889233334533249,0.016667000018060207,0,0,0,0,0.028334399999585,0,0,0.11111333331791684,0,0.016666000010445714,0.016666999988956377,0.027780666675729055,0.03333699998620432,0,0,0,0,0,0,0,0.051390583331037,0,0,0,0,0,0,1.0167067777688823,0.37787790626134665
313,0,0,0.016667000018060207,0,0.08333900000434369,0,0,0,0,0,0,0,0,0,0,0,0,0.01666649998514913,0.016663999995216727,0,0,0,0,0,0,0,0.016667499992763624,0,0,0.05833549999806564,0,0,0,0.3800149999849964,0.3978418695655621
314,0,0.04166700001223944,0,0,0.02500050002709031,0.04047742856866015,0.06333660000236704,0,0,0,0,0,0,0,0,0,0.16667600000315966,0.033337000000756234,0.01666799999657087,0,0,0,0,0,0,0,0.016667000018060207,0,0,0,0,0,0.016667000018060207,0.5867873823496185,0.40001664285955485
316,0.05000449999351986,0.03205338462990207,0.03550734782196662,0.016666999959852546,0.029164500010665506,0,0.016666000010445714,0,0.016665999952238053,0,0.020001199992839246,0,0,0.033334000036120415,0,0,0.058337500027846545,0.05833550001261756,0,0,0,0,0,0,0,0,0.0166680000256747,0,0,0,0,0,0,0.610787125006027,0.3726643846125509
139,0,0.036112499999641536,0.07559842857140861,0.051044000000274536,0.016667666667369,0.07361516666666527,0.03888966666697039,0,0.03889133333298863,0.016667000001689303,0.044793000000102744,0,0.05833300000085728,0.016666999999870313,0,0.03333299999940209,0.053648031249792894,0.03969502631576018,0.039730046511807775,0.02857199999977768,0.031251624999981686,0.04166900000018359,0,0,0,0,0.04166814285677641,0.054165999999895575,0,0.12083199999960925,0,0.04583374999992884,0.016666999999870313,0.9755374096386447,0.3503523469386279
