pid,protected.0,String.0,getTargetServiceName.0,AddressingHeaders.0,headers.0,throws.0,Exception.0,To.0,toURI.0,=.0,headers.1,getTo.0,if.0,toURI.1,==.0,nan.0,return.0,nan.1,String.1,to.0,=.1,toURI.2,getPath.0,if.1,to.1,==.1,nan.2,return.1,nan.3,// set the target service.200,return.2,to.2,substring.0,to.3,lastIndexOf.0,'/'.0,+.0,1.0,code,participant_summary
319,0,0,0,0,0,0,0,0,0,0,0,0.016663999995216727,0,0,0,0,0,0.016667000018060207,0,0,0,0.016667000018060207,0,0,0,0,0,0.016667000018060207,0.03333350003231317,0,0,0,0.0666705000330694,0.0333329999120906,0,0,0,0,0.12473551610920337,0.19000900001265109
129,0.016668666678015143,0.046971999981906265,0.029630481476757536,0,0,0,0,0,0.020833500020671636,0.016663999995216727,0.05166849999804981,0.016667000018060207,0,0,0,0,0.0452389999908129,0.027779666687517118,0,0.02083412500360282,0.033334000036120415,0.03888983331853524,0,0,0,0.016667000018060207,0.025001500005600974,0,0.06041874999937136,0,0,0,0,0,0,0,0,0,0.6285331929909278,0.6464515714365656
315,0,0.058334500034106895,0.03382535294376259,0.04102776921801986,0.019049428569685136,0.016665999952238053,0.016666999988956377,0,0.016667000018060207,0,0.02333319999743253,0.019048571411985904,0,0.025000000023283064,0,0,0,0.022226333327125758,0,0.01667099999031052,0,0.029167750020860694,0,0,0,0,0,0,0.03333449998172,0.016666999959852546,0,0.020834499984630384,0.04607982353841448,0.03333049998036586,0.05278149999503512,0.016669000004185364,0,0,0.4884244637644809,0.21616187693121341
