pid,private.0,int.0,handleHalt.0,//need to test that this is the root process.200,if.0,processID.1,==.0,0.0,Machine.0,halt.0,else.0,"//System err println ""non-root process trying to call halt"" );.201",return.0,1.0,//This is not the root process so ignore this one.202,Lib.0,assertNotReached.0,"""Machine halt did not halt machine!"".100",return.1,0.1,code,participant_summary
166,0.050000499992165715,0,0.04999700002372265,0,0.02499900001566857,0.016666666643383603,0,0,0.10500440001487732,0.024999500019475818,0.06333620001096278,0,0.041668000048957765,0,0,0.016667499963659793,0.03611183333365867,0,0.07083750001038425,0,0.4444603333314363,0.20834042857833474
310,0,0,0,0,0,0,0,0,0,0,0,0,0,0,0,0,0,0,0,0,0,0.052780000027269125
189,0,0,0,0,0,0.03194466666415489,0.025001000016345643,0.027782333325982716,0.02222433332159805,0.03666780000203289,0,0,0,0.07222466665552929,0,0,0.0500060000049416,0.06041849998291582,0.05000100002507679,0,0.7710174074109765,0.07916983332446155
