pid,public.0,void.0,testCookieGreaterThan.0,throws.0,ServletException.0,JspException.0,GreaterThanTag.0,gt.0,=.0,new.0,GreaterThanTag.1,gt.1,setPageContext.0,pageContext.0,gt.2,setCookie.0,COOKIE_KEY.0,gt.3,setValue.0,LESSER_VAL.0,assertTrue.0,"""Cookie Value ("".100",+.0,GREATER_VAL.0,+.1,""") is greater than value ("".101",+.2,LESSER_VAL.1,+.3,""")"".0",gt.4,condition.0,code,participant_summary
166,0,0,0.0166669999792551,0,0,0,0.0333346666690583,0,0,0,0.016666000010445714,0.016666000010445714,0.052275999999520456,0.044444666632140674,0,0.039999400009401144,0.03125137501046993,0.03333333332557231,0.05961784615647048,0.05834099999628961,0.050001399987377224,0,0,0,0,0,0.050004999968223274,0,0,0,0,0.050001285720749626,0.7136643636463718,0.31516481818504294
317,0,0.02500200000940822,0.027500900003360584,0,0.027779499990477536,0,0.035418499988736585,0,0,0.016667000018060207,0.04444633333090072,0,0.03500190000631846,0,0,0.022222666651941836,0.038096714282541404,0,0.03125324999564327,0.02500108334061224,0.03426100000635617,0.016667000018060207,0,0.020000199996866287,0,0,0,0.016672999947331846,0,0,0,0.023336400010157375,0.2538633763437129,0.10421651648677333
189,0,0,0.03690607143549381,0.016667000018060207,0.016666999988956377,0,0.0437502500062692,0,0,0.02083500001754146,0,0,0.046668000001227485,0.0383336000086274,0,0.03452414286272999,0.028207307688157577,0,0.02500000000509317,0.027777666662586853,0.02708300001177122,0.0500000000174623,0,0.020834249997278675,0.016665999981341884,0,0,0,0,0,0,0.023438999998688814,1.3184718947465484,0.13009872222513272
