pid,public.0,void.0,testGetEmail.0,System.0,out.0,println.0,"""getEmail"".0",String.0,expResult.0,=.0,""""".0",String.1,result.0,=.1,instance.0,getEmail.0,assertEquals.0,expResult.1,result.1,// TODO review the generated test code and remove the default call to fail..200,"// fail( ""The test case is a prototype. "" );.201",code,participant_summary
176,0,0.0333329999120906,0.0708364166591006,0.0333360000513494,0.030000800034031272,0.031020055550874934,0.055556666726867356,0.05555766673448185,0.06346407693882401,0,0.04394063635051928,0,0.0305556666959698,0,0.05208516668062657,0.02619285711885563,0.061111999986072384,0.04881114286503622,0.016666000010445714,0,0,0.7760507755067048,1.0250387500273064
317,0,0,0.031373235297745425,0,0.03333900001598522,0.013334199995733797,0.019446166668785736,0,0.044447666654984154,0,0,0,0.02777933335164562,0.016667000018060207,0.023809428576246967,0.016666749987052754,0.05000599997583777,0.036667599983047694,0.029169249959522858,0,0,0.3671496619731122,0.17456784211619952
168,0,0,0.020832750014960766,0.029168749999371357,0.01666666668218871,0,0,0.03833429999649525,0.028571714289552932,0.016666000010445714,0,0.0333347500054515,0.027780333320455004,0.016667000018060207,0.03333299997029826,0.042859500007969994,0.04058191305502196,0.0648172222233067,0.04166700004134327,0,0,0.7598569487245419,0.2227181499983999
106,0,0.06667200001538731,0.045603138889418915,0,0.020846500003244728,0.04722599999513477,0.04500206666222463,0,0.04122999999718128,0,0.01666875000228174,0,0.01666849999310216,0.016665999981341884,0.03947563158305313,0.016667000003508292,0.03888900000796033,0.027778333334329847,0,0,0,0.6013372368447323,0.28699025000605616
